ts_utc,elapsed_s,scenario,deployment,replicas,ready,cpu_pct,desired
2026-07-13T00:41:02Z,0,hpa,api-gateway,3,3,,
2026-07-13T00:41:02Z,0,hpa,authorization,3,3,,
2026-07-13T00:41:02Z,0,hpa,patient-data,3,3,,
2026-07-13T00:41:02Z,0,hpa,data-transform,3,3,,
2026-07-13T00:41:08Z,6,hpa,api-gateway,3,3,,
2026-07-13T00:41:08Z,6,hpa,authorization,3,3,,
2026-07-13T00:41:08Z,6,hpa,patient-data,3,3,,
2026-07-13T00:41:08Z,6,hpa,data-transform,3,3,,
2026-07-13T00:41:14Z,12,hpa,api-gateway,3,3,,
2026-07-13T00:41:14Z,12,hpa,authorization,3,3,,
2026-07-13T00:41:14Z,12,hpa,patient-data,3,3,,
2026-07-13T00:41:14Z,12,hpa,data-transform,3,3,,
2026-07-13T00:41:23Z,21,hpa,api-gateway,3,3,,
2026-07-13T00:41:23Z,21,hpa,authorization,3,3,,
2026-07-13T00:41:23Z,21,hpa,patient-data,3,3,,
2026-07-13T00:41:23Z,21,hpa,data-transform,3,3,,
2026-07-13T00:41:29Z,27,hpa,api-gateway,3,3,,
2026-07-13T00:41:29Z,27,hpa,authorization,3,3,,
2026-07-13T00:41:29Z,27,hpa,patient-data,3,3,,
2026-07-13T00:41:29Z,27,hpa,data-transform,3,3,,
2026-07-13T00:41:35Z,33,hpa,api-gateway,3,3,,
2026-07-13T00:41:35Z,33,hpa,authorization,3,3,,
2026-07-13T00:41:35Z,33,hpa,patient-data,3,3,,
2026-07-13T00:41:35Z,33,hpa,data-transform,3,3,,
2026-07-13T00:41:43Z,41,hpa,api-gateway,1,1,,0
2026-07-13T00:41:43Z,41,hpa,authorization,1,1,,0
2026-07-13T00:41:43Z,41,hpa,patient-data,1,1,,0
2026-07-13T00:41:43Z,41,hpa,data-transform,1,1,,0
2026-07-13T00:41:48Z,46,hpa,api-gateway,1,1,,0
2026-07-13T00:41:48Z,46,hpa,authorization,1,1,,0
2026-07-13T00:41:48Z,46,hpa,patient-data,1,1,,0
2026-07-13T00:41:48Z,46,hpa,data-transform,1,1,,0
2026-07-13T00:41:54Z,52,hpa,api-gateway,1,1,,0
2026-07-13T00:41:54Z,52,hpa,authorization,1,1,,0
2026-07-13T00:41:54Z,52,hpa,patient-data,1,1,,0
2026-07-13T00:41:54Z,52,hpa,data-transform,1,1,,0
2026-07-13T00:41:59Z,57,hpa,api-gateway,1,1,2,1
2026-07-13T00:41:59Z,57,hpa,authorization,1,1,14,1
2026-07-13T00:41:59Z,57,hpa,patient-data,1,1,5,1
2026-07-13T00:41:59Z,57,hpa,data-transform,1,1,2,1
2026-07-13T00:42:04Z,62,hpa,api-gateway,1,1,2,1
2026-07-13T00:42:04Z,62,hpa,authorization,1,1,14,1
2026-07-13T00:42:04Z,62,hpa,patient-data,1,1,5,1
2026-07-13T00:42:04Z,62,hpa,data-transform,1,1,2,1
2026-07-13T00:42:10Z,68,hpa,api-gateway,1,1,2,1
2026-07-13T00:42:10Z,68,hpa,authorization,1,1,14,1
2026-07-13T00:42:10Z,68,hpa,patient-data,1,1,5,1
2026-07-13T00:42:10Z,68,hpa,data-transform,1,1,2,1
2026-07-13T00:42:15Z,73,hpa,api-gateway,1,1,3,1
2026-07-13T00:42:15Z,73,hpa,authorization,1,1,1,1
2026-07-13T00:42:15Z,73,hpa,patient-data,1,1,1,1
2026-07-13T00:42:15Z,73,hpa,data-transform,1,1,15,1
2026-07-13T00:42:21Z,79,hpa,api-gateway,1,1,3,1
2026-07-13T00:42:21Z,79,hpa,authorization,1,1,1,1
2026-07-13T00:42:21Z,79,hpa,patient-data,1,1,1,1
2026-07-13T00:42:21Z,79,hpa,data-transform,1,1,15,1
2026-07-13T00:42:26Z,84,hpa,api-gateway,1,1,3,1
2026-07-13T00:42:26Z,84,hpa,authorization,1,1,1,1
2026-07-13T00:42:26Z,84,hpa,patient-data,1,1,1,1
2026-07-13T00:42:26Z,84,hpa,data-transform,1,1,15,1
2026-07-13T00:42:31Z,89,hpa,api-gateway,1,1,1,1
2026-07-13T00:42:31Z,89,hpa,authorization,1,1,2,1
2026-07-13T00:42:31Z,89,hpa,patient-data,1,1,3,1
2026-07-13T00:42:31Z,89,hpa,data-transform,1,1,1,1
2026-07-13T00:42:37Z,95,hpa,api-gateway,1,1,1,1
2026-07-13T00:42:37Z,95,hpa,authorization,1,1,2,1
2026-07-13T00:42:37Z,95,hpa,patient-data,1,1,3,1
2026-07-13T00:42:37Z,95,hpa,data-transform,1,1,1,1
2026-07-13T00:42:42Z,100,hpa,api-gateway,1,1,1,1
2026-07-13T00:42:42Z,100,hpa,authorization,1,1,2,1
2026-07-13T00:42:42Z,100,hpa,patient-data,1,1,3,1
2026-07-13T00:42:42Z,100,hpa,data-transform,1,1,1,1
2026-07-13T00:42:47Z,105,hpa,api-gateway,1,1,1,1
2026-07-13T00:42:47Z,105,hpa,authorization,1,1,1,1
2026-07-13T00:42:47Z,105,hpa,patient-data,1,1,1,1
2026-07-13T00:42:47Z,105,hpa,data-transform,1,1,7,1
2026-07-13T00:42:53Z,111,hpa,api-gateway,1,1,1,1
2026-07-13T00:42:53Z,111,hpa,authorization,1,1,1,1
2026-07-13T00:42:53Z,111,hpa,patient-data,1,1,1,1
2026-07-13T00:42:53Z,111,hpa,data-transform,1,1,7,1
2026-07-13T00:42:58Z,116,hpa,api-gateway,1,1,163,1
2026-07-13T00:42:58Z,116,hpa,authorization,1,1,20,1
2026-07-13T00:42:58Z,116,hpa,patient-data,1,1,32,1
2026-07-13T00:42:58Z,116,hpa,data-transform,1,1,28,1
2026-07-13T00:43:03Z,121,hpa,api-gateway,1,1,163,1
2026-07-13T00:43:03Z,121,hpa,authorization,1,1,20,1
2026-07-13T00:43:03Z,121,hpa,patient-data,1,1,32,1
2026-07-13T00:43:03Z,121,hpa,data-transform,1,1,28,1
2026-07-13T00:43:09Z,127,hpa,api-gateway,1,1,163,1
2026-07-13T00:43:09Z,127,hpa,authorization,1,1,20,1
2026-07-13T00:43:09Z,127,hpa,patient-data,1,1,32,1
2026-07-13T00:43:09Z,127,hpa,data-transform,1,1,28,1
2026-07-13T00:43:14Z,132,hpa,api-gateway,3,1,163,3
2026-07-13T00:43:14Z,132,hpa,authorization,1,1,42,1
2026-07-13T00:43:14Z,132,hpa,patient-data,1,1,33,1
2026-07-13T00:43:14Z,132,hpa,data-transform,1,1,25,1
2026-07-13T00:43:19Z,137,hpa,api-gateway,3,1,163,3
2026-07-13T00:43:19Z,137,hpa,authorization,1,1,42,1
2026-07-13T00:43:19Z,137,hpa,patient-data,1,1,33,1
2026-07-13T00:43:19Z,137,hpa,data-transform,1,1,25,1
2026-07-13T00:43:25Z,143,hpa,api-gateway,3,1,163,3
2026-07-13T00:43:25Z,143,hpa,authorization,1,1,42,1
2026-07-13T00:43:25Z,143,hpa,patient-data,1,1,33,1
2026-07-13T00:43:25Z,143,hpa,data-transform,1,1,25,1
2026-07-13T00:43:30Z,148,hpa,api-gateway,3,3,76,3
2026-07-13T00:43:30Z,148,hpa,authorization,1,1,14,1
2026-07-13T00:43:30Z,148,hpa,patient-data,1,1,37,1
2026-07-13T00:43:30Z,148,hpa,data-transform,1,1,26,1
2026-07-13T00:43:36Z,154,hpa,api-gateway,3,3,76,3
2026-07-13T00:43:36Z,154,hpa,authorization,1,1,14,1
2026-07-13T00:43:36Z,154,hpa,patient-data,1,1,37,1
2026-07-13T00:43:36Z,154,hpa,data-transform,1,1,26,1
2026-07-13T00:43:41Z,159,hpa,api-gateway,3,3,76,3
2026-07-13T00:43:41Z,159,hpa,authorization,1,1,14,1
2026-07-13T00:43:41Z,159,hpa,patient-data,1,1,37,1
2026-07-13T00:43:41Z,159,hpa,data-transform,1,1,26,1
2026-07-13T00:43:46Z,164,hpa,api-gateway,3,3,61,3
2026-07-13T00:43:46Z,164,hpa,authorization,1,1,22,1
2026-07-13T00:43:46Z,164,hpa,patient-data,1,1,19,1
2026-07-13T00:43:46Z,164,hpa,data-transform,1,1,18,1
2026-07-13T00:43:52Z,170,hpa,api-gateway,3,3,61,3
2026-07-13T00:43:52Z,170,hpa,authorization,1,1,22,1
2026-07-13T00:43:52Z,170,hpa,patient-data,1,1,19,1
2026-07-13T00:43:52Z,170,hpa,data-transform,1,1,18,1
2026-07-13T00:43:57Z,175,hpa,api-gateway,3,3,61,3
2026-07-13T00:43:57Z,175,hpa,authorization,1,1,22,1
2026-07-13T00:43:57Z,175,hpa,patient-data,1,1,19,1
2026-07-13T00:43:57Z,175,hpa,data-transform,1,1,18,1
2026-07-13T00:44:02Z,180,hpa,api-gateway,3,3,23,3
2026-07-13T00:44:02Z,180,hpa,authorization,1,1,11,1
2026-07-13T00:44:02Z,180,hpa,patient-data,1,1,24,1
2026-07-13T00:44:02Z,180,hpa,data-transform,1,1,15,1
2026-07-13T00:44:08Z,186,hpa,api-gateway,3,3,23,3
2026-07-13T00:44:08Z,186,hpa,authorization,1,1,11,1
2026-07-13T00:44:08Z,186,hpa,patient-data,1,1,24,1
2026-07-13T00:44:08Z,186,hpa,data-transform,1,1,15,1
2026-07-13T00:44:13Z,191,hpa,api-gateway,3,3,19,3
2026-07-13T00:44:13Z,191,hpa,authorization,1,1,11,1
2026-07-13T00:44:13Z,191,hpa,patient-data,1,1,17,1
2026-07-13T00:44:13Z,191,hpa,data-transform,1,1,22,1
2026-07-13T00:44:18Z,196,hpa,api-gateway,3,3,19,3
2026-07-13T00:44:18Z,196,hpa,authorization,1,1,11,1
2026-07-13T00:44:18Z,196,hpa,patient-data,1,1,17,1
2026-07-13T00:44:18Z,196,hpa,data-transform,1,1,22,1
2026-07-13T00:44:24Z,202,hpa,api-gateway,3,3,19,3
2026-07-13T00:44:24Z,202,hpa,authorization,1,1,11,1
2026-07-13T00:44:24Z,202,hpa,patient-data,1,1,17,1
2026-07-13T00:44:24Z,202,hpa,data-transform,1,1,22,1
2026-07-13T00:44:29Z,207,hpa,api-gateway,3,3,15,3
2026-07-13T00:44:29Z,207,hpa,authorization,1,1,11,1
2026-07-13T00:44:29Z,207,hpa,patient-data,1,1,18,1
2026-07-13T00:44:29Z,207,hpa,data-transform,1,1,16,1
2026-07-13T00:44:34Z,212,hpa,api-gateway,3,3,15,3
2026-07-13T00:44:34Z,212,hpa,authorization,1,1,11,1
2026-07-13T00:44:34Z,212,hpa,patient-data,1,1,18,1
2026-07-13T00:44:34Z,212,hpa,data-transform,1,1,16,1
2026-07-13T00:44:40Z,218,hpa,api-gateway,3,3,15,3
2026-07-13T00:44:40Z,218,hpa,authorization,1,1,11,1
2026-07-13T00:44:40Z,218,hpa,patient-data,1,1,18,1
2026-07-13T00:44:40Z,218,hpa,data-transform,1,1,16,1
2026-07-13T00:44:45Z,223,hpa,api-gateway,3,3,14,3
2026-07-13T00:44:45Z,223,hpa,authorization,1,1,11,1
2026-07-13T00:44:45Z,223,hpa,patient-data,1,1,17,1
2026-07-13T00:44:45Z,223,hpa,data-transform,1,1,32,1
2026-07-13T00:44:50Z,228,hpa,api-gateway,3,3,14,3
2026-07-13T00:44:50Z,228,hpa,authorization,1,1,11,1
2026-07-13T00:44:50Z,228,hpa,patient-data,1,1,17,1
2026-07-13T00:44:50Z,228,hpa,data-transform,1,1,32,1
2026-07-13T00:44:56Z,234,hpa,api-gateway,3,3,14,3
2026-07-13T00:44:56Z,234,hpa,authorization,1,1,11,1
2026-07-13T00:44:56Z,234,hpa,patient-data,1,1,17,1
2026-07-13T00:44:56Z,234,hpa,data-transform,1,1,32,1
2026-07-13T00:45:01Z,239,hpa,api-gateway,3,3,16,3
2026-07-13T00:45:01Z,239,hpa,authorization,1,1,9,1
2026-07-13T00:45:01Z,239,hpa,patient-data,1,1,17,1
2026-07-13T00:45:01Z,239,hpa,data-transform,1,1,32,1
2026-07-13T00:45:06Z,244,hpa,api-gateway,3,3,16,3
2026-07-13T00:45:06Z,244,hpa,authorization,1,1,9,1
2026-07-13T00:45:06Z,244,hpa,patient-data,1,1,17,1
2026-07-13T00:45:06Z,244,hpa,data-transform,1,1,32,1
2026-07-13T00:45:12Z,250,hpa,api-gateway,3,3,16,3
2026-07-13T00:45:12Z,250,hpa,authorization,1,1,9,1
2026-07-13T00:45:12Z,250,hpa,patient-data,1,1,17,1
2026-07-13T00:45:12Z,250,hpa,data-transform,1,1,32,1
2026-07-13T00:45:17Z,255,hpa,api-gateway,3,3,22,3
2026-07-13T00:45:17Z,255,hpa,authorization,1,1,10,1
2026-07-13T00:45:17Z,255,hpa,patient-data,1,1,14,1
2026-07-13T00:45:17Z,255,hpa,data-transform,1,1,9,1
2026-07-13T00:45:22Z,260,hpa,api-gateway,3,3,22,3
2026-07-13T00:45:22Z,260,hpa,authorization,1,1,10,1
2026-07-13T00:45:22Z,260,hpa,patient-data,1,1,14,1
2026-07-13T00:45:22Z,260,hpa,data-transform,1,1,9,1
2026-07-13T00:45:28Z,266,hpa,api-gateway,3,3,22,3
2026-07-13T00:45:28Z,266,hpa,authorization,1,1,9,1
2026-07-13T00:45:28Z,266,hpa,patient-data,1,1,15,1
2026-07-13T00:45:28Z,266,hpa,data-transform,1,1,20,1
2026-07-13T00:45:33Z,271,hpa,api-gateway,3,3,22,3
2026-07-13T00:45:33Z,271,hpa,authorization,1,1,9,1
2026-07-13T00:45:33Z,271,hpa,patient-data,1,1,15,1
2026-07-13T00:45:33Z,271,hpa,data-transform,1,1,20,1
2026-07-13T00:45:38Z,276,hpa,api-gateway,3,3,22,3
2026-07-13T00:45:38Z,276,hpa,authorization,1,1,9,1
2026-07-13T00:45:38Z,276,hpa,patient-data,1,1,15,1
2026-07-13T00:45:38Z,276,hpa,data-transform,1,1,20,1
2026-07-13T00:45:43Z,281,hpa,api-gateway,2,2,19,2
2026-07-13T00:45:43Z,281,hpa,authorization,1,1,11,1
2026-07-13T00:45:43Z,281,hpa,patient-data,1,1,15,1
2026-07-13T00:45:43Z,281,hpa,data-transform,1,1,10,1
2026-07-13T00:45:49Z,287,hpa,api-gateway,2,2,19,2
2026-07-13T00:45:49Z,287,hpa,authorization,1,1,11,1
2026-07-13T00:45:49Z,287,hpa,patient-data,1,1,15,1
2026-07-13T00:45:49Z,287,hpa,data-transform,1,1,10,1
2026-07-13T00:45:54Z,292,hpa,api-gateway,2,2,19,2
2026-07-13T00:45:54Z,292,hpa,authorization,1,1,11,1
2026-07-13T00:45:54Z,292,hpa,patient-data,1,1,15,1
2026-07-13T00:45:54Z,292,hpa,data-transform,1,1,10,1
2026-07-13T00:45:59Z,297,hpa,api-gateway,2,2,8,2
2026-07-13T00:45:59Z,297,hpa,authorization,1,1,2,1
2026-07-13T00:45:59Z,297,hpa,patient-data,1,1,7,1
2026-07-13T00:45:59Z,297,hpa,data-transform,1,1,3,1
2026-07-13T00:46:05Z,303,hpa,api-gateway,2,2,8,2
2026-07-13T00:46:05Z,303,hpa,authorization,1,1,2,1
2026-07-13T00:46:05Z,303,hpa,patient-data,1,1,7,1
2026-07-13T00:46:05Z,303,hpa,data-transform,1,1,3,1
2026-07-13T00:46:10Z,308,hpa,api-gateway,2,2,8,2
2026-07-13T00:46:10Z,308,hpa,authorization,1,1,2,1
2026-07-13T00:46:10Z,308,hpa,patient-data,1,1,7,1
2026-07-13T00:46:10Z,308,hpa,data-transform,1,1,3,1
2026-07-13T00:46:15Z,313,hpa,api-gateway,2,2,2,2
2026-07-13T00:46:15Z,313,hpa,authorization,1,1,1,1
2026-07-13T00:46:15Z,313,hpa,patient-data,1,1,1,1
2026-07-13T00:46:15Z,313,hpa,data-transform,1,1,1,1
2026-07-13T00:46:21Z,319,hpa,api-gateway,2,2,2,2
2026-07-13T00:46:21Z,319,hpa,authorization,1,1,1,1
2026-07-13T00:46:21Z,319,hpa,patient-data,1,1,1,1
2026-07-13T00:46:21Z,319,hpa,data-transform,1,1,1,1
2026-07-13T00:46:26Z,324,hpa,api-gateway,2,2,2,2
2026-07-13T00:46:26Z,324,hpa,authorization,1,1,1,1
2026-07-13T00:46:26Z,324,hpa,patient-data,1,1,1,1
2026-07-13T00:46:26Z,324,hpa,data-transform,1,1,1,1
2026-07-13T00:46:31Z,329,hpa,api-gateway,2,2,2,2
2026-07-13T00:46:31Z,329,hpa,authorization,1,1,1,1
2026-07-13T00:46:31Z,329,hpa,patient-data,1,1,1,1
2026-07-13T00:46:31Z,329,hpa,data-transform,1,1,1,1
2026-07-13T00:46:37Z,335,hpa,api-gateway,2,2,2,2
2026-07-13T00:46:37Z,335,hpa,authorization,1,1,1,1
2026-07-13T00:46:37Z,335,hpa,patient-data,1,1,1,1
2026-07-13T00:46:37Z,335,hpa,data-transform,1,1,1,1
2026-07-13T00:46:42Z,340,hpa,api-gateway,2,2,2,2
2026-07-13T00:46:42Z,340,hpa,authorization,1,1,1,1
2026-07-13T00:46:42Z,340,hpa,patient-data,1,1,1,1
2026-07-13T00:46:42Z,340,hpa,data-transform,1,1,1,1
2026-07-13T00:46:47Z,345,hpa,api-gateway,2,2,1,2
2026-07-13T00:46:47Z,345,hpa,authorization,1,1,1,1
2026-07-13T00:46:47Z,345,hpa,patient-data,1,1,3,1
2026-07-13T00:46:47Z,345,hpa,data-transform,1,1,0,1
2026-07-13T00:46:52Z,350,hpa,api-gateway,2,2,1,2
2026-07-13T00:46:52Z,350,hpa,authorization,1,1,1,1
2026-07-13T00:46:52Z,350,hpa,patient-data,1,1,3,1
2026-07-13T00:46:52Z,350,hpa,data-transform,1,1,0,1
2026-07-13T00:46:58Z,356,hpa,api-gateway,2,2,11,2
2026-07-13T00:46:58Z,356,hpa,authorization,1,1,6,1
2026-07-13T00:46:58Z,356,hpa,patient-data,1,1,13,1
2026-07-13T00:46:58Z,356,hpa,data-transform,1,1,4,1
2026-07-13T00:47:03Z,361,hpa,api-gateway,2,2,11,2
2026-07-13T00:47:03Z,361,hpa,authorization,1,1,6,1
2026-07-13T00:47:03Z,361,hpa,patient-data,1,1,13,1
2026-07-13T00:47:03Z,361,hpa,data-transform,1,1,4,1
2026-07-13T00:47:08Z,366,hpa,api-gateway,2,2,11,2
2026-07-13T00:47:08Z,366,hpa,authorization,1,1,6,1
2026-07-13T00:47:08Z,366,hpa,patient-data,1,1,13,1
2026-07-13T00:47:08Z,366,hpa,data-transform,1,1,4,1
2026-07-13T00:47:14Z,372,hpa,api-gateway,2,2,18,2
2026-07-13T00:47:14Z,372,hpa,authorization,1,1,8,1
2026-07-13T00:47:14Z,372,hpa,patient-data,1,1,18,1
2026-07-13T00:47:14Z,372,hpa,data-transform,1,1,4,1
2026-07-13T00:47:19Z,377,hpa,api-gateway,2,2,18,2
2026-07-13T00:47:19Z,377,hpa,authorization,1,1,8,1
2026-07-13T00:47:19Z,377,hpa,patient-data,1,1,18,1
2026-07-13T00:47:19Z,377,hpa,data-transform,1,1,4,1
2026-07-13T00:47:24Z,382,hpa,api-gateway,2,2,18,2
2026-07-13T00:47:24Z,382,hpa,authorization,1,1,8,1
2026-07-13T00:47:24Z,382,hpa,patient-data,1,1,18,1
2026-07-13T00:47:24Z,382,hpa,data-transform,1,1,4,1
2026-07-13T00:47:30Z,388,hpa,api-gateway,1,1,18,1
2026-07-13T00:47:30Z,388,hpa,authorization,1,1,12,1
2026-07-13T00:47:30Z,388,hpa,patient-data,1,1,18,1
2026-07-13T00:47:30Z,388,hpa,data-transform,1,1,6,1
2026-07-13T00:47:35Z,393,hpa,api-gateway,1,1,18,1
2026-07-13T00:47:35Z,393,hpa,authorization,1,1,12,1
2026-07-13T00:47:35Z,393,hpa,patient-data,1,1,18,1
2026-07-13T00:47:35Z,393,hpa,data-transform,1,1,6,1
2026-07-13T00:47:40Z,398,hpa,api-gateway,1,1,18,1
2026-07-13T00:47:40Z,398,hpa,authorization,1,1,12,1
2026-07-13T00:47:40Z,398,hpa,patient-data,1,1,18,1
2026-07-13T00:47:40Z,398,hpa,data-transform,1,1,6,1
2026-07-13T00:47:46Z,404,hpa,api-gateway,1,1,32,1
2026-07-13T00:47:46Z,404,hpa,authorization,1,1,8,1
2026-07-13T00:47:46Z,404,hpa,patient-data,1,1,16,1
2026-07-13T00:47:46Z,404,hpa,data-transform,1,1,7,1
2026-07-13T00:47:51Z,409,hpa,api-gateway,1,1,32,1
2026-07-13T00:47:51Z,409,hpa,authorization,1,1,8,1
2026-07-13T00:47:51Z,409,hpa,patient-data,1,1,16,1
2026-07-13T00:47:51Z,409,hpa,data-transform,1,1,7,1
2026-07-13T00:47:56Z,414,hpa,api-gateway,1,1,32,1
2026-07-13T00:47:56Z,414,hpa,authorization,1,1,8,1
2026-07-13T00:47:56Z,414,hpa,patient-data,1,1,16,1
2026-07-13T00:47:56Z,414,hpa,data-transform,1,1,7,1
2026-07-13T00:48:02Z,420,hpa,api-gateway,1,1,33,1
2026-07-13T00:48:02Z,420,hpa,authorization,1,1,9,1
2026-07-13T00:48:02Z,420,hpa,patient-data,1,1,15,1
2026-07-13T00:48:02Z,420,hpa,data-transform,1,1,8,1
2026-07-13T00:48:07Z,425,hpa,api-gateway,1,1,33,1
2026-07-13T00:48:07Z,425,hpa,authorization,1,1,9,1
2026-07-13T00:48:07Z,425,hpa,patient-data,1,1,15,1
2026-07-13T00:48:07Z,425,hpa,data-transform,1,1,8,1
2026-07-13T00:48:12Z,430,hpa,api-gateway,1,1,28,1
2026-07-13T00:48:12Z,430,hpa,authorization,1,1,9,1
2026-07-13T00:48:12Z,430,hpa,patient-data,1,1,15,1
2026-07-13T00:48:12Z,430,hpa,data-transform,1,1,6,1
2026-07-13T00:48:18Z,436,hpa,api-gateway,1,1,28,1
2026-07-13T00:48:18Z,436,hpa,authorization,1,1,9,1
2026-07-13T00:48:18Z,436,hpa,patient-data,1,1,15,1
2026-07-13T00:48:18Z,436,hpa,data-transform,1,1,6,1
2026-07-13T00:48:23Z,441,hpa,api-gateway,1,1,28,1
2026-07-13T00:48:23Z,441,hpa,authorization,1,1,9,1
2026-07-13T00:48:23Z,441,hpa,patient-data,1,1,15,1
2026-07-13T00:48:23Z,441,hpa,data-transform,1,1,6,1
2026-07-13T00:48:28Z,446,hpa,api-gateway,1,1,28,1
2026-07-13T00:48:28Z,446,hpa,authorization,1,1,8,1
2026-07-13T00:48:28Z,446,hpa,patient-data,1,1,15,1
2026-07-13T00:48:28Z,446,hpa,data-transform,1,1,6,1
2026-07-13T00:48:34Z,452,hpa,api-gateway,1,1,28,1
2026-07-13T00:48:34Z,452,hpa,authorization,1,1,8,1
2026-07-13T00:48:34Z,452,hpa,patient-data,1,1,15,1
2026-07-13T00:48:34Z,452,hpa,data-transform,1,1,6,1
2026-07-13T00:48:39Z,457,hpa,api-gateway,1,1,28,1
2026-07-13T00:48:39Z,457,hpa,authorization,1,1,8,1
2026-07-13T00:48:39Z,457,hpa,patient-data,1,1,15,1
2026-07-13T00:48:39Z,457,hpa,data-transform,1,1,6,1
2026-07-13T00:48:44Z,462,hpa,api-gateway,1,1,28,1
2026-07-13T00:48:44Z,462,hpa,authorization,1,1,10,1
2026-07-13T00:48:44Z,462,hpa,patient-data,1,1,15,1
2026-07-13T00:48:44Z,462,hpa,data-transform,1,1,6,1
2026-07-13T00:48:50Z,468,hpa,api-gateway,1,1,28,1
2026-07-13T00:48:50Z,468,hpa,authorization,1,1,10,1
2026-07-13T00:48:50Z,468,hpa,patient-data,1,1,15,1
2026-07-13T00:48:50Z,468,hpa,data-transform,1,1,6,1
2026-07-13T00:48:55Z,473,hpa,api-gateway,1,1,28,1
2026-07-13T00:48:55Z,473,hpa,authorization,1,1,10,1
2026-07-13T00:48:55Z,473,hpa,patient-data,1,1,15,1
2026-07-13T00:48:55Z,473,hpa,data-transform,1,1,6,1
2026-07-13T00:49:00Z,478,hpa,api-gateway,1,1,25,1
2026-07-13T00:49:00Z,478,hpa,authorization,1,1,8,1
2026-07-13T00:49:00Z,478,hpa,patient-data,1,1,16,1
2026-07-13T00:49:00Z,478,hpa,data-transform,1,1,8,1
2026-07-13T00:49:06Z,484,hpa,api-gateway,1,1,25,1
2026-07-13T00:49:06Z,484,hpa,authorization,1,1,8,1
2026-07-13T00:49:06Z,484,hpa,patient-data,1,1,16,1
2026-07-13T00:49:06Z,484,hpa,data-transform,1,1,8,1
2026-07-13T00:49:11Z,489,hpa,api-gateway,1,1,25,1
2026-07-13T00:49:11Z,489,hpa,authorization,1,1,8,1
2026-07-13T00:49:11Z,489,hpa,patient-data,1,1,16,1
2026-07-13T00:49:11Z,489,hpa,data-transform,1,1,8,1
2026-07-13T00:49:16Z,494,hpa,api-gateway,1,1,34,1
2026-07-13T00:49:16Z,494,hpa,authorization,1,1,9,1
2026-07-13T00:49:16Z,494,hpa,patient-data,1,1,16,1
2026-07-13T00:49:16Z,494,hpa,data-transform,1,1,7,1
2026-07-13T00:49:22Z,500,hpa,api-gateway,1,1,34,1
2026-07-13T00:49:22Z,500,hpa,authorization,1,1,9,1
2026-07-13T00:49:22Z,500,hpa,patient-data,1,1,16,1
2026-07-13T00:49:22Z,500,hpa,data-transform,1,1,7,1
2026-07-13T00:49:27Z,505,hpa,api-gateway,1,1,26,1
2026-07-13T00:49:27Z,505,hpa,authorization,1,1,10,1
2026-07-13T00:49:27Z,505,hpa,patient-data,1,1,16,1
2026-07-13T00:49:27Z,505,hpa,data-transform,1,1,6,1
2026-07-13T00:49:32Z,510,hpa,api-gateway,1,1,26,1
2026-07-13T00:49:32Z,510,hpa,authorization,1,1,10,1
2026-07-13T00:49:32Z,510,hpa,patient-data,1,1,16,1
2026-07-13T00:49:32Z,510,hpa,data-transform,1,1,6,1
2026-07-13T00:49:37Z,515,hpa,api-gateway,1,1,26,1
2026-07-13T00:49:37Z,515,hpa,authorization,1,1,10,1
2026-07-13T00:49:37Z,515,hpa,patient-data,1,1,16,1
2026-07-13T00:49:37Z,515,hpa,data-transform,1,1,6,1
2026-07-13T00:49:43Z,521,hpa,api-gateway,1,1,27,1
2026-07-13T00:49:43Z,521,hpa,authorization,1,1,10,1
2026-07-13T00:49:43Z,521,hpa,patient-data,1,1,17,1
2026-07-13T00:49:43Z,521,hpa,data-transform,1,1,8,1
2026-07-13T00:49:48Z,526,hpa,api-gateway,1,1,27,1
2026-07-13T00:49:48Z,526,hpa,authorization,1,1,10,1
2026-07-13T00:49:48Z,526,hpa,patient-data,1,1,17,1
2026-07-13T00:49:48Z,526,hpa,data-transform,1,1,8,1
2026-07-13T00:49:53Z,531,hpa,api-gateway,1,1,27,1
2026-07-13T00:49:53Z,531,hpa,authorization,1,1,10,1
2026-07-13T00:49:53Z,531,hpa,patient-data,1,1,17,1
2026-07-13T00:49:53Z,531,hpa,data-transform,1,1,8,1
2026-07-13T00:49:59Z,537,hpa,api-gateway,1,1,23,1
2026-07-13T00:49:59Z,537,hpa,authorization,1,1,6,1
2026-07-13T00:49:59Z,537,hpa,patient-data,1,1,11,1
2026-07-13T00:49:59Z,537,hpa,data-transform,1,1,5,1
2026-07-13T00:50:04Z,542,hpa,api-gateway,1,1,23,1
2026-07-13T00:50:04Z,542,hpa,authorization,1,1,6,1
2026-07-13T00:50:04Z,542,hpa,patient-data,1,1,11,1
2026-07-13T00:50:04Z,542,hpa,data-transform,1,1,5,1
2026-07-13T00:50:09Z,547,hpa,api-gateway,1,1,23,1
2026-07-13T00:50:09Z,547,hpa,authorization,1,1,6,1
2026-07-13T00:50:09Z,547,hpa,patient-data,1,1,11,1
2026-07-13T00:50:09Z,547,hpa,data-transform,1,1,5,1
2026-07-13T00:50:15Z,553,hpa,api-gateway,1,1,1,1
2026-07-13T00:50:15Z,553,hpa,authorization,1,1,2,1
2026-07-13T00:50:15Z,553,hpa,patient-data,1,1,1,1
2026-07-13T00:50:15Z,553,hpa,data-transform,1,1,1,1
2026-07-13T00:50:20Z,558,hpa,api-gateway,1,1,1,1
2026-07-13T00:50:20Z,558,hpa,authorization,1,1,2,1
2026-07-13T00:50:20Z,558,hpa,patient-data,1,1,1,1
2026-07-13T00:50:20Z,558,hpa,data-transform,1,1,1,1
2026-07-13T00:50:25Z,563,hpa,api-gateway,1,1,1,1
2026-07-13T00:50:25Z,563,hpa,authorization,1,1,2,1
2026-07-13T00:50:25Z,563,hpa,patient-data,1,1,1,1
2026-07-13T00:50:25Z,563,hpa,data-transform,1,1,1,1
2026-07-13T00:50:31Z,569,hpa,api-gateway,1,1,1,1
2026-07-13T00:50:31Z,569,hpa,authorization,1,1,1,1
2026-07-13T00:50:31Z,569,hpa,patient-data,1,1,1,1
2026-07-13T00:50:31Z,569,hpa,data-transform,1,1,1,1
2026-07-13T00:50:36Z,574,hpa,api-gateway,1,1,1,1
2026-07-13T00:50:36Z,574,hpa,authorization,1,1,1,1
2026-07-13T00:50:36Z,574,hpa,patient-data,1,1,1,1
2026-07-13T00:50:36Z,574,hpa,data-transform,1,1,1,1
2026-07-13T00:50:41Z,579,hpa,api-gateway,1,1,1,1
2026-07-13T00:50:41Z,579,hpa,authorization,1,1,1,1
2026-07-13T00:50:41Z,579,hpa,patient-data,1,1,1,1
2026-07-13T00:50:41Z,579,hpa,data-transform,1,1,1,1
2026-07-13T00:50:47Z,585,hpa,api-gateway,1,1,1,1
2026-07-13T00:50:47Z,585,hpa,authorization,1,1,1,1
2026-07-13T00:50:47Z,585,hpa,patient-data,1,1,3,1
2026-07-13T00:50:47Z,585,hpa,data-transform,1,1,1,1
2026-07-13T00:50:52Z,590,hpa,api-gateway,1,1,1,1
2026-07-13T00:50:52Z,590,hpa,authorization,1,1,1,1
2026-07-13T00:50:52Z,590,hpa,patient-data,1,1,3,1
2026-07-13T00:50:52Z,590,hpa,data-transform,1,1,1,1
2026-07-13T00:50:57Z,595,hpa,api-gateway,1,1,1,1
2026-07-13T00:50:57Z,595,hpa,authorization,1,1,1,1
2026-07-13T00:50:57Z,595,hpa,patient-data,1,1,1,1
2026-07-13T00:50:57Z,595,hpa,data-transform,1,1,2,1
2026-07-13T00:51:03Z,601,hpa,api-gateway,1,1,1,1
2026-07-13T00:51:03Z,601,hpa,authorization,1,1,1,1
2026-07-13T00:51:03Z,601,hpa,patient-data,1,1,1,1
2026-07-13T00:51:03Z,601,hpa,data-transform,1,1,2,1
2026-07-13T00:51:08Z,606,hpa,api-gateway,1,1,1,1
2026-07-13T00:51:08Z,606,hpa,authorization,1,1,1,1
2026-07-13T00:51:08Z,606,hpa,patient-data,1,1,1,1
2026-07-13T00:51:08Z,606,hpa,data-transform,1,1,2,1
2026-07-13T00:51:13Z,611,hpa,api-gateway,1,1,5,1
2026-07-13T00:51:13Z,611,hpa,authorization,1,1,8,1
2026-07-13T00:51:13Z,611,hpa,patient-data,1,1,14,1
2026-07-13T00:51:13Z,611,hpa,data-transform,1,1,4,1
2026-07-13T00:51:19Z,617,hpa,api-gateway,1,1,5,1
2026-07-13T00:51:19Z,617,hpa,authorization,1,1,8,1
2026-07-13T00:51:19Z,617,hpa,patient-data,1,1,14,1
2026-07-13T00:51:19Z,617,hpa,data-transform,1,1,4,1
2026-07-13T00:51:24Z,622,hpa,api-gateway,1,1,5,1
2026-07-13T00:51:24Z,622,hpa,authorization,1,1,8,1
2026-07-13T00:51:24Z,622,hpa,patient-data,1,1,14,1
2026-07-13T00:51:24Z,622,hpa,data-transform,1,1,4,1
2026-07-13T00:51:29Z,627,hpa,api-gateway,1,1,45,1
2026-07-13T00:51:29Z,627,hpa,authorization,1,1,12,1
2026-07-13T00:51:29Z,627,hpa,patient-data,1,1,32,1
2026-07-13T00:51:29Z,627,hpa,data-transform,1,1,2,1
2026-07-13T00:51:35Z,633,hpa,api-gateway,1,1,45,1
2026-07-13T00:51:35Z,633,hpa,authorization,1,1,12,1
2026-07-13T00:51:35Z,633,hpa,patient-data,1,1,32,1
2026-07-13T00:51:35Z,633,hpa,data-transform,1,1,2,1
2026-07-13T00:51:40Z,638,hpa,api-gateway,1,1,45,1
2026-07-13T00:51:40Z,638,hpa,authorization,1,1,12,1
2026-07-13T00:51:40Z,638,hpa,patient-data,1,1,32,1
2026-07-13T00:51:40Z,638,hpa,data-transform,1,1,2,1
2026-07-13T00:51:45Z,643,hpa,api-gateway,1,1,36,1
2026-07-13T00:51:45Z,643,hpa,authorization,1,1,12,1
2026-07-13T00:51:45Z,643,hpa,patient-data,1,1,28,1
2026-07-13T00:51:45Z,643,hpa,data-transform,1,1,2,1
2026-07-13T00:51:51Z,649,hpa,api-gateway,1,1,36,1
2026-07-13T00:51:51Z,649,hpa,authorization,1,1,12,1
2026-07-13T00:51:51Z,649,hpa,patient-data,1,1,28,1
2026-07-13T00:51:51Z,649,hpa,data-transform,1,1,2,1
2026-07-13T00:51:56Z,654,hpa,api-gateway,1,1,36,1
2026-07-13T00:51:56Z,654,hpa,authorization,1,1,12,1
2026-07-13T00:51:56Z,654,hpa,patient-data,1,1,28,1
2026-07-13T00:51:56Z,654,hpa,data-transform,1,1,2,1
2026-07-13T00:52:01Z,659,hpa,api-gateway,1,1,36,1
2026-07-13T00:52:01Z,659,hpa,authorization,1,1,10,1
2026-07-13T00:52:01Z,659,hpa,patient-data,1,0,28,1
2026-07-13T00:52:01Z,659,hpa,data-transform,1,1,1,1
2026-07-13T00:52:07Z,665,hpa,api-gateway,1,1,36,1
2026-07-13T00:52:07Z,665,hpa,authorization,1,1,10,1
2026-07-13T00:52:07Z,665,hpa,patient-data,1,0,28,1
2026-07-13T00:52:07Z,665,hpa,data-transform,1,1,1,1
2026-07-13T00:52:12Z,670,hpa,api-gateway,1,1,32,1
2026-07-13T00:52:12Z,670,hpa,authorization,1,1,10,1
2026-07-13T00:52:12Z,670,hpa,patient-data,1,0,78,1
2026-07-13T00:52:12Z,670,hpa,data-transform,1,1,1,1
2026-07-13T00:52:17Z,675,hpa,api-gateway,1,1,32,1
2026-07-13T00:52:17Z,675,hpa,authorization,1,1,10,1
2026-07-13T00:52:17Z,675,hpa,patient-data,1,0,78,1
2026-07-13T00:52:17Z,675,hpa,data-transform,1,1,1,1
2026-07-13T00:52:23Z,681,hpa,api-gateway,1,1,32,1
2026-07-13T00:52:23Z,681,hpa,authorization,1,1,10,1
2026-07-13T00:52:23Z,681,hpa,patient-data,1,0,78,1
2026-07-13T00:52:23Z,681,hpa,data-transform,1,1,1,1
2026-07-13T00:52:28Z,686,hpa,api-gateway,1,1,29,1
2026-07-13T00:52:28Z,686,hpa,authorization,1,1,10,1
2026-07-13T00:52:28Z,686,hpa,patient-data,1,0,21,1
2026-07-13T00:52:28Z,686,hpa,data-transform,1,1,2,1
2026-07-13T00:52:33Z,691,hpa,api-gateway,1,1,29,1
2026-07-13T00:52:33Z,691,hpa,authorization,1,1,10,1
2026-07-13T00:52:33Z,691,hpa,patient-data,1,0,21,1
2026-07-13T00:52:33Z,691,hpa,data-transform,1,1,2,1
2026-07-13T00:52:39Z,697,hpa,api-gateway,1,1,29,1
2026-07-13T00:52:39Z,697,hpa,authorization,1,1,10,1
2026-07-13T00:52:39Z,697,hpa,patient-data,1,0,21,1
2026-07-13T00:52:39Z,697,hpa,data-transform,1,1,2,1
2026-07-13T00:52:44Z,702,hpa,api-gateway,1,1,29,1
2026-07-13T00:52:44Z,702,hpa,authorization,1,1,10,1
2026-07-13T00:52:44Z,702,hpa,patient-data,1,0,25,1
2026-07-13T00:52:44Z,702,hpa,data-transform,1,1,1,1
2026-07-13T00:52:49Z,707,hpa,api-gateway,1,1,29,1
2026-07-13T00:52:49Z,707,hpa,authorization,1,1,10,1
2026-07-13T00:52:49Z,707,hpa,patient-data,1,0,25,1
2026-07-13T00:52:49Z,707,hpa,data-transform,1,1,1,1
2026-07-13T00:52:55Z,713,hpa,api-gateway,1,1,29,1
2026-07-13T00:52:55Z,713,hpa,authorization,1,1,10,1
2026-07-13T00:52:55Z,713,hpa,patient-data,1,0,25,1
2026-07-13T00:52:55Z,713,hpa,data-transform,1,1,1,1
2026-07-13T00:53:00Z,718,hpa,api-gateway,1,1,30,1
2026-07-13T00:53:00Z,718,hpa,authorization,1,1,11,1
2026-07-13T00:53:00Z,718,hpa,patient-data,1,0,28,1
2026-07-13T00:53:00Z,718,hpa,data-transform,1,1,1,1
2026-07-13T00:53:05Z,723,hpa,api-gateway,1,1,30,1
2026-07-13T00:53:05Z,723,hpa,authorization,1,1,11,1
2026-07-13T00:53:05Z,723,hpa,patient-data,1,0,28,1
2026-07-13T00:53:05Z,723,hpa,data-transform,1,1,1,1
2026-07-13T00:53:11Z,729,hpa,api-gateway,1,1,30,1
2026-07-13T00:53:11Z,729,hpa,authorization,1,1,11,1
2026-07-13T00:53:11Z,729,hpa,patient-data,1,0,28,1
2026-07-13T00:53:11Z,729,hpa,data-transform,1,1,1,1
2026-07-13T00:53:16Z,734,hpa,api-gateway,1,1,30,1
2026-07-13T00:53:16Z,734,hpa,authorization,1,1,11,1
2026-07-13T00:53:16Z,734,hpa,patient-data,1,0,23,1
2026-07-13T00:53:16Z,734,hpa,data-transform,1,1,1,1
2026-07-13T00:53:21Z,739,hpa,api-gateway,1,1,30,1
2026-07-13T00:53:21Z,739,hpa,authorization,1,1,11,1
2026-07-13T00:53:21Z,739,hpa,patient-data,1,0,23,1
2026-07-13T00:53:21Z,739,hpa,data-transform,1,1,1,1
2026-07-13T00:53:27Z,745,hpa,api-gateway,1,1,30,1
2026-07-13T00:53:27Z,745,hpa,authorization,1,1,11,1
2026-07-13T00:53:27Z,745,hpa,patient-data,1,0,22,1
2026-07-13T00:53:27Z,745,hpa,data-transform,1,1,1,1
2026-07-13T00:53:32Z,750,hpa,api-gateway,1,1,30,1
2026-07-13T00:53:32Z,750,hpa,authorization,1,1,11,1
2026-07-13T00:53:32Z,750,hpa,patient-data,1,0,22,1
2026-07-13T00:53:32Z,750,hpa,data-transform,1,1,1,1
2026-07-13T00:53:37Z,755,hpa,api-gateway,1,1,30,1
2026-07-13T00:53:37Z,755,hpa,authorization,1,1,11,1
2026-07-13T00:53:37Z,755,hpa,patient-data,1,0,22,1
2026-07-13T00:53:37Z,755,hpa,data-transform,1,1,1,1
2026-07-13T00:53:43Z,761,hpa,api-gateway,1,1,22,1
2026-07-13T00:53:43Z,761,hpa,authorization,1,1,9,1
2026-07-13T00:53:43Z,761,hpa,patient-data,1,0,22,1
2026-07-13T00:53:43Z,761,hpa,data-transform,1,1,1,1
2026-07-13T00:53:48Z,766,hpa,api-gateway,1,1,22,1
2026-07-13T00:53:48Z,766,hpa,authorization,1,1,9,1
2026-07-13T00:53:48Z,766,hpa,patient-data,1,0,22,1
2026-07-13T00:53:48Z,766,hpa,data-transform,1,1,1,1
2026-07-13T00:53:53Z,771,hpa,api-gateway,1,1,22,1
2026-07-13T00:53:53Z,771,hpa,authorization,1,1,9,1
2026-07-13T00:53:53Z,771,hpa,patient-data,1,0,22,1
2026-07-13T00:53:53Z,771,hpa,data-transform,1,1,1,1
2026-07-13T00:53:59Z,777,hpa,api-gateway,1,1,1,1
2026-07-13T00:53:59Z,777,hpa,authorization,1,1,1,1
2026-07-13T00:53:59Z,777,hpa,patient-data,1,1,18,1
2026-07-13T00:53:59Z,777,hpa,data-transform,1,1,1,1
2026-07-13T00:54:04Z,782,hpa,api-gateway,1,1,1,1
2026-07-13T00:54:04Z,782,hpa,authorization,1,1,1,1
2026-07-13T00:54:04Z,782,hpa,patient-data,1,1,18,1
2026-07-13T00:54:04Z,782,hpa,data-transform,1,1,1,1
2026-07-13T00:54:09Z,787,hpa,api-gateway,1,1,1,1
2026-07-13T00:54:09Z,787,hpa,authorization,1,1,1,1
2026-07-13T00:54:09Z,787,hpa,patient-data,1,1,18,1
2026-07-13T00:54:09Z,787,hpa,data-transform,1,1,1,1
2026-07-13T00:54:15Z,793,hpa,api-gateway,1,1,1,1
2026-07-13T00:54:15Z,793,hpa,authorization,1,1,4,1
2026-07-13T00:54:15Z,793,hpa,patient-data,1,1,15,1
2026-07-13T00:54:15Z,793,hpa,data-transform,1,1,1,1
2026-07-13T00:54:20Z,798,hpa,api-gateway,1,1,1,1
2026-07-13T00:54:20Z,798,hpa,authorization,1,1,4,1
2026-07-13T00:54:20Z,798,hpa,patient-data,1,1,15,1
2026-07-13T00:54:20Z,798,hpa,data-transform,1,1,1,1
2026-07-13T00:54:25Z,803,hpa,api-gateway,1,1,1,1
2026-07-13T00:54:25Z,803,hpa,authorization,1,1,4,1
2026-07-13T00:54:25Z,803,hpa,patient-data,1,1,15,1
2026-07-13T00:54:25Z,803,hpa,data-transform,1,1,1,1
2026-07-13T00:54:31Z,809,hpa,api-gateway,1,1,1,1
2026-07-13T00:54:31Z,809,hpa,authorization,1,1,1,1
2026-07-13T00:54:31Z,809,hpa,patient-data,1,1,1,1
2026-07-13T00:54:31Z,809,hpa,data-transform,1,1,3,1
2026-07-13T00:54:36Z,814,hpa,api-gateway,1,1,1,1
2026-07-13T00:54:36Z,814,hpa,authorization,1,1,1,1
2026-07-13T00:54:36Z,814,hpa,patient-data,1,1,1,1
2026-07-13T00:54:36Z,814,hpa,data-transform,1,1,3,1
2026-07-13T00:54:41Z,819,hpa,api-gateway,1,1,2,1
2026-07-13T00:54:41Z,819,hpa,authorization,1,1,1,1
2026-07-13T00:54:41Z,819,hpa,patient-data,1,1,1,1
2026-07-13T00:54:41Z,819,hpa,data-transform,1,1,1,1
2026-07-13T00:54:46Z,824,hpa,api-gateway,1,1,2,1
2026-07-13T00:54:46Z,824,hpa,authorization,1,1,1,1
2026-07-13T00:54:46Z,824,hpa,patient-data,1,1,1,1
2026-07-13T00:54:46Z,824,hpa,data-transform,1,1,1,1
2026-07-13T00:54:52Z,830,hpa,api-gateway,1,1,2,1
2026-07-13T00:54:52Z,830,hpa,authorization,1,1,1,1
2026-07-13T00:54:52Z,830,hpa,patient-data,1,1,1,1
2026-07-13T00:54:52Z,830,hpa,data-transform,1,1,1,1
2026-07-13T00:54:57Z,835,hpa,api-gateway,1,1,1,1
2026-07-13T00:54:57Z,835,hpa,authorization,1,1,1,1
2026-07-13T00:54:57Z,835,hpa,patient-data,1,1,6,1
2026-07-13T00:54:57Z,835,hpa,data-transform,1,1,1,1
2026-07-13T00:55:02Z,840,hpa,api-gateway,1,1,1,1
2026-07-13T00:55:02Z,840,hpa,authorization,1,1,1,1
2026-07-13T00:55:02Z,840,hpa,patient-data,1,1,6,1
2026-07-13T00:55:02Z,840,hpa,data-transform,1,1,1,1
2026-07-13T00:55:08Z,846,hpa,api-gateway,1,1,1,1
2026-07-13T00:55:08Z,846,hpa,authorization,1,1,1,1
2026-07-13T00:55:08Z,846,hpa,patient-data,1,1,6,1
2026-07-13T00:55:08Z,846,hpa,data-transform,1,1,1,1
2026-07-13T00:55:13Z,851,hpa,api-gateway,1,1,1,1
2026-07-13T00:55:13Z,851,hpa,authorization,1,1,1,1
2026-07-13T00:55:13Z,851,hpa,patient-data,1,1,3,1
2026-07-13T00:55:13Z,851,hpa,data-transform,1,1,0,1
2026-07-13T00:55:18Z,856,hpa,api-gateway,1,1,1,1
2026-07-13T00:55:18Z,856,hpa,authorization,1,1,1,1
2026-07-13T00:55:18Z,856,hpa,patient-data,1,1,3,1
2026-07-13T00:55:18Z,856,hpa,data-transform,1,1,0,1
2026-07-13T00:55:24Z,862,hpa,api-gateway,1,1,1,1
2026-07-13T00:55:24Z,862,hpa,authorization,1,1,1,1
2026-07-13T00:55:24Z,862,hpa,patient-data,1,1,3,1
2026-07-13T00:55:24Z,862,hpa,data-transform,1,1,0,1
2026-07-13T00:55:29Z,867,hpa,api-gateway,1,1,1,1
2026-07-13T00:55:29Z,867,hpa,authorization,1,1,1,1
2026-07-13T00:55:29Z,867,hpa,patient-data,1,1,1,1
2026-07-13T00:55:29Z,867,hpa,data-transform,1,1,1,1
2026-07-13T00:55:34Z,872,hpa,api-gateway,1,1,1,1
2026-07-13T00:55:34Z,872,hpa,authorization,1,1,1,1
2026-07-13T00:55:34Z,872,hpa,patient-data,1,1,1,1
2026-07-13T00:55:34Z,872,hpa,data-transform,1,1,1,1
